{"count":1,"self":89.4341056,"total":89.981062999999992,"children":{"InitializeActuators":{"count":1,"self":0.0030467999999999997,"total":0.0030467999999999997,"children":null},"InitializeSensors":{"count":1,"self":0.0030948,"total":0.0030948,"children":null},"AgentSendState":{"count":4146,"self":0.37392759999999997,"total":0.44801189999999996,"children":{"CollectObservations":{"count":4146,"self":0.028442099999999998,"total":0.028442099999999998,"children":null},"WriteActionMask":{"count":4146,"self":0.005232,"total":0.005232,"children":null},"RequestDecision":{"count":4146,"self":0.028551299999999998,"total":0.0404102,"children":{"RayPerceptionSensor.Perceive":{"count":4146,"self":0.011858899999999999,"total":0.011858899999999999,"children":null}}}}},"DecideAction":{"count":4146,"self":0.028050199999999997,"total":0.028050199999999997,"children":null},"AgentAct":{"count":4146,"self":0.0620765,"total":0.0625864,"children":{"RayPerceptionSensor.Perceive":{"count":5,"self":0.0005099,"total":0.0005099,"children":null}}}},"gauges":{"AGVAgent.CumulativeReward":{"count":5,"max":188.957245,"min":142.578552,"runningAverage":171.1041,"value":142.578552,"weightedAverage":166.499557}},"metadata":{"timer_format_version":"0.1.0","start_time_seconds":"1752825044","unity_version":"6000.0.41f1","command_line_arguments":"C:\\Program Files\\Unity\\Hub\\Editor\\6000.0.41f1\\Editor\\Unity.exe -projectpath C:\\Users\\samsung\\OneDrive\\Desktop\\Unity_ML_LEESH\\AGV_Simulator -useHub -hubIPC -cloudEnvironment production -licensingIpc LicenseClient-samsung -hubSessionId 050b92d8-1d26-4e6d-be0f-8ada563573de -accessToken HBbbH1D-OpzReTLmofHYZhsWEBj3ONFbsd3K8YXMevs00df","communication_protocol_version":"1.5.0","com.unity.ml-agents_version":"2.0.1","scene_name":"SampleScene","end_time_seconds":"1752825134"}}